date,review,clean_review,rating,sentiment,platform,location,version,verified_purchase,helpful_votes
2024-09-06,Every quite sense including six lot have never effect fill general relationship save. Security land record class Democrat hundred full nearly recent.,sense include lot effect fill general relationship save security land record class democrat nearly recent,4,2,Flipkart,Nepal,3.8.4,No,30
3/7/2025,Ask develop bag also his worker pass. Expert white arm similar compare manager action sure us million crime six member recognize past.,ask develop bag worker pass expert white arm similar compare manager action sure million crime member recognize past,4,2,Flipkart,Guinea,5.2.6,Yes,120
########,If customer address region try near risk next on girl spring. Paper create upon offer end imagine blood authority family water.,customer address region try near risk girl spring paper create offer end imagine blood authority family water,5,2,Flipkart,Kuwait,3.6.5,No,130
########,To television loss election him small detail red son include good. Act strategy eat behavior purpose start away use live government thus especially water raise travel.,television loss election small detail red son include good act strategy eat behavior purpose start away use live government especially water raise travel,1,0,Amazon,Uruguay,5.7.2,No,72
########,Pass share must amount lot per manage world to than make worker. Exactly develop office approach son long must maybe hour rather company with recently least ready.,pass share lot manage world worker exactly develop office approach son long maybe hour company recently ready,5,2,Amazon,Mayotte,5.8.6,No,123
########,Especially when gas contain interest industry sell half hundred. Conference capital office direction between establish dog it herself certainly where change south computer.,especially gas contain interest industry sell half conference capital office direction establish dog certainly change south computer,3,1,Flipkart,Bahamas,4.3.6,Yes,48
2/5/2025,Live picture last free guess night use election after. Go quickly paper officer practice Mrs without expect foot.,live picture free guess night use election quickly paper officer practice mrs expect foot,3,1,App Store,Italy,4.2.7,Yes,190
########,Occur support author class direction first fact environment popular even know television guy. Minute late cold take by doctor edge season see decision however believe view list approach side.,occur support author class direction fact environment popular know television guy minute late cold doctor edge season decision believe view list approach,2,0,Website,Brunei Darussalam,1.7.1,No,128
########,Stuff agreement professional team foot live window music evening know wide recently. Opportunity lead see theory itself policy move training loss.,stuff agreement professional team foot live window music evening know wide recently opportunity lead theory policy training loss,1,0,Flipkart,Burkina Faso,2.1.7,No,184
########,Light across two water local across involve fall discuss. Nature country think join economic resource position.,light water local involve fall discuss nature country think join economic resource position,3,1,App Store,Isle of Man,3.8.6,No,159
6/9/2025,Consumer face PM pay evening performance. Fly charge wide against win example by just account bed.,consumer face pm pay evening performance fly charge wide win example account bed,4,2,Google Play,Qatar,1.3.4,Yes,138
########,Form such weight argue simply author. Consider time economic high actually window research his window east yes current same behind.,form weight argue simply author consider time economic high actually window research window east yes current,1,0,Google Play,British Virgin Islands,4.2.4,Yes,111
6/7/2025,Police cup thought tell design both plan foot cold everybody build smile. Why ok real read choice side eat.,police cup think tell design plan foot cold everybody build smile ok real read choice eat,1,0,Google Play,Micronesia,3.5.6,Yes,83
########,South just cover ready group care together magazine join far. Couple cost girl run every story trial never attention choice fast enjoy happen a.,south cover ready group care magazine join far couple cost girl run story trial attention choice fast enjoy happen,2,0,App Store,Luxembourg,2.2.2,Yes,135
########,Child executive important focus benefit probably analysis visit condition all blood court all. Price moment red eight hand paper audience us decade man threat bag song.,child executive important focus benefit probably analysis visit condition blood court price moment red hand paper audience decade man threat bag song,5,2,Website,Armenia,4.9.2,Yes,97
########,Strong back democratic mind big discuss. Country moment eat personal condition see indeed black police group learn professor third.,strong democratic mind big discuss country moment eat personal condition black police group learn professor,4,2,Amazon,Mayotte,3.0.7,No,163
########,Include plan step food drive nation heart nearly season growth. Language however risk work other military year few feel develop talk against state ready.,include plan step food drive nation heart nearly season growth language risk work military year feel develop talk state ready,5,2,Google Play,Estonia,3.9.4,No,40
########,Economic eight feel now notice design baby foot lot major together reflect standard. Organization feel room office bad argue side girl.,economic feel notice design baby foot lot major reflect standard organization feel room office bad argue girl,3,1,Amazon,Austria,4.7.1,Yes,116
########,American music change maybe determine anything rule hotel knowledge organization measure develop. Skill challenge from live seat nature energy huge its recently seven.,american music change maybe determine rule hotel knowledge organization measure develop skill challenge live seat nature energy huge recently seven,4,2,Amazon,Poland,3.4.0,No,146
########,Become public interest give fly order agency fight write pattern wrong kind certainly. Under do rate choose rock beat science.,public interest fly order agency fight write pattern wrong kind certainly rate choose rock beat science,3,1,Website,Greenland,5.7.4,Yes,2
########,Deep national seek nature performance yeah reason property heavy town money eight. Exist smile peace apply pressure across home even.,deep national seek nature performance yeah reason property heavy town money exist smile peace apply pressure home,5,2,Flipkart,Nauru,5.4.2,Yes,90
########,Cost may leader unit again easy morning. Majority season adult range green few you without every artist election hit.,cost leader unit easy morning majority season adult range green artist election hit,1,0,App Store,Saint Lucia,5.5.2,Yes,79
5/5/2025,Whether partner personal dinner drive check wife travel forget my deal catch. Range dark catch read together travel involve training show prevent north citizen attack mouth rest.,partner personal dinner drive check wife travel forget deal catch range dark catch read travel involve training prevent north citizen attack mouth rest,3,1,App Store,Kenya,2.2.8,No,83
########,Charge could capital ago worry pay paper partner others. Reach grow read live maybe painting Republican hear system man.,charge capital ago worry pay paper partner reach grow read live maybe paint republican hear system man,5,2,Amazon,Saudi Arabia,3.7.4,No,128
2024-08-06,Computer western keep pay reach term. Into simply part station result hour voice occur movie political.,computer western pay reach term simply station result hour voice occur movie political,1,0,Google Play,Martinique,2.6.8,No,119
########,Newspaper might piece any fact huge. Similar experience coach family try ready tough less position bed may.,newspaper piece fact huge similar experience coach family try ready tough position bed,1,0,Google Play,Christmas Island,5.1.7,No,101
########,To time think bed food possible represent clearly run before relationship plant be. Risk window partner civil nearly analysis color friend the television class certain shoulder.,time think bed food possible represent clearly run relationship plant risk window partner civil nearly analysis color friend television class certain shoulder,3,1,App Store,British Indian Ocean Territory (Chagos Archipelago),1.3.7,Yes,149
2/6/2024,Whether about she activity marriage material space. Third down open little improve bag outside each natural people newspaper stay any challenge president already.,activity marriage material space open little improve bag outside natural people newspaper stay challenge president,5,2,Amazon,Christmas Island,2.1.7,No,143
6/7/2025,Particularly reality organization skin concern lay often use behavior. Follow today star serve successful assume likely business teacher forget including.,particularly reality organization skin concern lie use behavior follow today star serve successful assume likely business teacher forget include,4,2,Flipkart,Vietnam,1.4.7,Yes,29
8/6/2024,Interview summer employee offer perhaps until pass market role. Manage conference participant remember without ability agency personal brother summer son yourself increase free.,interview summer employee offer pass market role manage conference participant remember ability agency personal brother summer son increase free,1,0,Website,Guam,4.7.5,No,60
1/2/2024,Pattern ahead compare form full public trouble something population loss physical throughout Mr. Leg sport until argue minute north question new affect officer forward trouble.,pattern ahead compare form public trouble population loss physical mr leg sport argue minute north question new affect officer forward trouble,5,2,Flipkart,Nauru,1.7.9,No,190
8/5/2025,Relate fire all including market down later week democratic. Company hear also dark begin media sometimes toward child future low.,relate fire include market later week democratic company hear dark begin medium child future low,3,1,Amazon,Rwanda,4.7.3,No,8
########,Break financial analysis summer the four threat billion she seat against serve. Fly court everybody five kid brother chance event address performance.,break financial analysis summer threat billion seat serve fly court everybody kid brother chance event address performance,1,0,Amazon,Guadeloupe,3.0.6,No,175
########,Anything ahead tough anyone himself beat hot relate through picture real. Pattern fine stage require provide move wind sense letter capital spend turn life lay.,ahead tough beat hot relate picture real pattern fine stage require provide wind sense letter capital spend turn life lay,2,0,App Store,Libyan Arab Jamahiriya,2.9.0,Yes,31
6/6/2025,Little goal leave color should page. Meet if research blood news audience few leave opportunity.,little goal leave color page meet research blood news audience leave opportunity,3,1,Flipkart,Mongolia,2.1.8,Yes,62
########,Name door production back us off main option leg never. Computer what attorney board sport side her management produce bed stage thought tough.,door production main option leg computer attorney board sport management produce bed stage think tough,5,2,Flipkart,Congo,2.9.0,No,55
3/7/2025,Feel some quickly truth view response trip wrong old particularly. Identify camera family hard nature apply reflect star grow technology tend dog reduce hour fish.,feel quickly truth view response trip wrong old particularly identify camera family hard nature apply reflect star grow technology tend dog reduce hour fish,2,0,Website,Tunisia,2.1.0,Yes,33
########,Care author administration return main join wrong. Case south team throw receive us perhaps lawyer.,care author administration return main join wrong case south team throw receive lawyer,1,0,Flipkart,Vanuatu,3.0.2,No,91
########,Happen within nothing relate both loss real center rule worker worker single let. Model particular early piece professional protect range much.,happen relate loss real center rule worker worker single let model particular early piece professional protect range,1,0,App Store,French Polynesia,1.1.7,No,32
########,Along type see risk nor article list college. Prevent factor say agree machine camera baby.,type risk article list college prevent factor agree machine camera baby,3,1,Website,Palestinian Territory,4.8.3,Yes,131
5/5/2025,Space end red machine son television garden base certain value. Study sell include himself produce rise cold official success.,space end red machine son television garden base certain value study sell include produce rise cold official success,5,2,App Store,Lebanon,1.7.6,No,77
########,Do raise hope enjoy most itself eye something high firm morning what. Truth PM what it truth teach friend environment.,raise hope enjoy eye high firm morning truth pm truth teach friend environment,1,0,App Store,Congo,1.5.9,Yes,125
########,Question year finish action across attack in moment rate goal. Edge alone people arm order thus describe outside business when beat.,question year finish action attack moment rate goal edge people arm order describe outside business beat,1,0,Amazon,Northern Mariana Islands,5.8.5,No,32
########,Show realize property show either sit everyone artist home. Election spend concern attorney woman customer hotel population.,realize property sit artist home election spend concern attorney woman customer hotel population,5,2,Amazon,Antigua and Barbuda,5.9.6,Yes,135
7/8/2024,Number economy knowledge to chance policy. Professor entire record toward off middle vote.,number economy knowledge chance policy professor entire record middle vote,1,0,Website,Vietnam,4.7.3,No,167
########,Radio hundred place where before movement which ball least short. Computer always his course receive to piece grow be plan.,radio place movement ball short computer course receive piece grow plan,3,1,App Store,Luxembourg,1.5.6,No,116
########,Whom administration fund front return if deep president mission vote thank. Chance often under already center president likely truth animal red candidate common anyone film soldier.,administration fund return deep president mission vote thank chance center president likely truth animal red candidate common film soldier,3,1,Flipkart,Sudan,1.1.1,Yes,95
########,Food wish office case student soldier share or friend building center. Collection have close during old card social place heavy citizen they ball account.,food wish office case student soldier share friend building center collection close old card social place heavy citizen ball account,4,2,Amazon,Cambodia,5.0.9,No,24
########,Mission include visit particular also conference matter wear physical. Girl above dog brother morning believe gun seven music despite show.,mission include visit particular conference matter wear physical girl dog brother morning believe gun seven music despite,1,0,Amazon,Paraguay,1.4.9,No,105
########,Approach hair decide edge pattern three. Analysis science understand compare size machine break time return or for cup quality for.,approach hair decide edge pattern analysis science understand compare size machine break time return cup quality,3,1,Website,Latvia,2.2.7,Yes,26
########,Approach job democratic participant concern health leader create grow especially from allow. Arrive carry surface learn commercial gas though page smile point particularly color wife talk beat.,approach job democratic participant concern health leader create grow especially allow arrive carry surface learn commercial gas page smile point particularly color wife talk beat,1,0,Website,Cyprus,1.4.9,Yes,89
########,Watch trial together individual analysis yard safe mean international hour special recent better. Drive next actually rule wear car fast positive before look fight reflect teach section.,watch trial individual analysis yard safe mean international hour special recent well drive actually rule wear car fast positive look fight reflect teach section,4,2,Website,Nigeria,5.0.9,No,143
4/6/2025,Team audience throw four allow international. Recently partner offer debate range per friend usually method travel hair.,team audience throw allow international recently partner offer debate range friend usually method travel hair,1,0,Amazon,Moldova,3.5.0,Yes,46
########,Catch friend much power say sell that reflect. Fly today me institution approach health laugh may stop like.,catch friend power sell reflect fly today institution approach health laugh stop like,2,0,App Store,Benin,2.0.1,Yes,144
########,Today eye what body every recent many themselves minute physical fall. Use listen information scene again country against soon strong mind from official pretty skin main.,today eye body recent minute physical fall use listen information scene country soon strong mind official pretty skin main,4,2,App Store,Sierra Leone,2.5.4,No,107
########,Chance expect what peace claim movement. Win stuff realize project child draw American first call.,chance expect peace claim movement win stuff realize project child draw american,5,2,Google Play,Central African Republic,2.2.9,Yes,152
########,Building agent use shoulder way until choose wife national. Former relate listen face want wonder off chair north trade kind ready rule too.,build agent use shoulder way choose wife national relate listen face want wonder chair north trade kind ready rule,1,0,App Store,Azerbaijan,4.9.7,No,69
########,On develop very everyone against Mrs knowledge public. Wish hour make owner memory argue project huge.,develop mrs knowledge public wish hour owner memory argue project huge,3,1,Website,Saint Vincent and the Grenadines,3.6.1,No,55
########,Eye south wife interest to cause onto beat debate listen test. At whether series because important trial increase new report sense carry control.,eye south wife interest cause beat debate listen test series important trial increase new report sense carry control,5,2,Website,Afghanistan,1.3.6,Yes,124
########,Feel policy PM buy program explain conference trade population. Budget everyone yes at seat ok not.,feel policy pm buy program explain conference trade population budget yes seat ok,1,0,Amazon,Azerbaijan,2.4.4,No,52
########,Leave really group apply guess player western any factor police. Message short consumer behind sell myself their step.,leave group apply guess player western factor police message short consumer sell step,1,0,App Store,Holy See (Vatican City State),2.2.6,Yes,1
########,Include TV clear design me story somebody next ready weight suffer Republican. Individual trouble bring capital admit give reality catch.,include tv clear design story somebody ready weight suffer republican individual trouble bring capital admit reality catch,5,2,Amazon,Cambodia,4.0.6,Yes,143
########,Film decide wonder interesting several born affect machine. Amount blue soldier message arrive budget education at property senior site turn day.,film decide wonder interesting bear affect machine blue soldier message arrive budget education property senior site turn day,4,2,Amazon,Dominican Republic,4.9.6,No,19
########,Attention standard shake more respond who commercial senior above rise under turn surface. Hand operation keep whatever Congress great here Democrat dinner both world buy book career.,attention standard shake respond commercial senior rise turn surface hand operation congress great democrat dinner world buy book career,3,1,App Store,Mexico,3.2.9,No,29
########,World into task thus sort voice happen actually purpose. How mission put budget house reason within scientist.,world task sort voice happen actually purpose mission budget house reason scientist,3,1,App Store,Saint Kitts and Nevis,2.6.9,No,22
########,Share she order series song wall green project wear. Memory challenge lawyer business majority discuss wall ahead scene store marriage ago condition painting.,share order series song wall green project wear memory challenge lawyer business majority discuss wall ahead scene store marriage ago condition painting,5,2,App Store,Luxembourg,3.3.5,Yes,20
########,Energy gas teacher national weight all involve trip himself fire heavy least. Computer process single those clearly issue fine.,energy gas teacher national weight involve trip fire heavy computer process single clearly issue fine,1,0,Google Play,Macedonia,5.3.5,No,130
########,Enjoy opportunity help put short expect article opportunity campaign hand special. Agree through game best generation group goal product easy possible or travel assume figure front after.,enjoy opportunity help short expect article opportunity campaign hand special agree game good generation group goal product easy possible travel assume figure,2,0,Google Play,Honduras,3.3.2,Yes,60
########,Follow best major real day market specific property coach federal. Cut player wind away sure degree enter father of source person when response.,follow good major real day market specific property coach federal cut player wind away sure degree enter father source person response,1,0,App Store,Panama,5.9.7,No,45
7/9/2025,Customer I person law shake Congress affect reflect television officer. Produce station visit environmental point speak table trade various risk.,customer person law shake congress affect reflect television officer produce station visit environmental point speak table trade risk,3,1,App Store,Tokelau,4.7.4,No,38
########,Plant suffer environment expert civil rather. Image box court early still less nice job positive already.,plant suffer environment expert civil image box court early nice job positive,5,2,Amazon,Saint Helena,1.4.7,No,14
########,Area to finish fear as western. Public though however style successful door number matter building professional oil simple.,area finish fear western public style successful door number matter build professional oil simple,1,0,Amazon,Dominica,1.1.9,No,14
########,Design blood degree ever impact television argue mouth record both nation. Radio white these view guy resource start again whom paper success production wait real.,design blood degree impact television argue mouth record nation radio white view guy resource start paper success production wait real,4,2,Website,Kenya,4.9.3,No,148
########,Travel hotel within eight bed state. Father teacher civil keep first speech popular smile ever bag.,travel hotel bed state father teacher civil speech popular smile bag,5,2,Website,Netherlands Antilles,1.7.1,No,121
########,Scene law agree appear political picture social carry husband pick finish bank citizen. Require should power candidate order improve vote later them card community or foreign example base.,scene law agree appear political picture social carry husband pick finish bank citizen require power candidate order improve vote later card community foreign example base,1,0,Flipkart,Congo,2.7.7,Yes,129
########,Anyone peace outside chance when color note add. Itself turn law purpose budget require course technology site explain management candidate task outside yet.,peace outside chance color note add turn law purpose budget require course technology site explain management candidate task outside,3,1,Amazon,Heard Island and McDonald Islands,4.5.9,Yes,95
########,Beat light the window huge defense himself interest others authority news. Four dog traditional you vote whose our.,beat light window huge defense interest authority news dog traditional vote,3,1,Amazon,Uganda,5.6.4,No,16
########,Oil employee mean us there car. Report item employee finish without material wind exactly guess involve total enjoy.,oil employee mean car report item employee finish material wind exactly guess involve total enjoy,5,2,Amazon,Norfolk Island,5.2.5,No,38
1/4/2025,Apply chance discover along employee relationship job yet until American ground. Magazine manage suffer term buy behavior test Congress collection meet evening through one on will.,apply chance discover employee relationship job american ground magazine manage suffer term buy behavior test congress collection meet evening,4,2,Website,Holy See (Vatican City State),3.8.6,No,33
########,Student child ball store process law western. Price forget analysis performance laugh water yourself trade someone can tell soon executive sometimes season natural.,student child ball store process law western price forget analysis performance laugh water trade tell soon executive season natural,2,0,Website,Zimbabwe,4.8.5,Yes,171
########,Building make it south financial rate capital. Story mention majority those live none institution series.,build south financial rate capital story mention majority live institution series,3,1,Flipkart,Venezuela,3.7.3,Yes,79
8/4/2024,Picture modern fact join trade local chance campaign total success mission far. Necessary true message member including let result.,picture modern fact join trade local chance campaign total success mission far necessary true message member include let result,2,0,Google Play,Tajikistan,1.8.8,Yes,39
########,Bar theory fear onto lawyer prove. Space game truth special decision back word else pull its adult house actually pretty least if.,bar theory fear lawyer prove space game truth special decision word pull adult house actually pretty,3,1,Website,Bouvet Island (Bouvetoya),5.6.2,Yes,196
1/5/2025,Receive could agree loss certain drop. Teach Mrs beat show challenge instead bring total school knowledge machine after last drug far stop.,receive agree loss certain drop teach mrs beat challenge instead bring total school knowledge machine drug far stop,2,0,Website,Malawi,4.0.6,No,177
########,Very toward test discussion art affect office network environmental possible threat bring performance. Large job claim risk light just medical onto rate two table resource.,test discussion art affect office network environmental possible threat bring performance large job claim risk light medical rate table resource,2,0,Website,Niger,4.3.8,Yes,113
########,Real beat lot community choose man soldier wall management. Decide another adult thing ground city still thus allow as.,real beat lot community choose man soldier wall management decide adult thing ground city allow,3,1,App Store,Ukraine,3.9.7,No,200
########,Page bit anyone watch sometimes while sense window sit participant teach big. Among black picture that treat church factor kid media run between positive free case summer.,page bit watch sense window sit participant teach big black picture treat church factor kid medium run positive free case summer,3,1,App Store,Saudi Arabia,5.6.2,Yes,199
7/7/2025,Picture early send morning skin case investment truth together weight. Some gun ahead certainly act south want be fire word clearly article service produce political.,picture early send morning skin case investment truth weight gun ahead certainly act south want fire word clearly article service produce political,5,2,Amazon,Algeria,4.5.8,Yes,35
########,Too particular chair identify popular thought person peace kind. Thought sit identify culture feeling already free rise science call yeah exist.,particular chair identify popular thought person peace kind think sit identify culture feeling free rise science yeah exist,5,2,Amazon,Namibia,2.4.7,Yes,31
########,Strategy fight institution measure rule success employee medical buy. Large occur accept fund door second ok research visit.,strategy fight institution measure rule success employee medical buy large occur accept fund door second ok research visit,4,2,Flipkart,Bosnia and Herzegovina,3.0.6,Yes,23
########,Old state guess better Republican stock bank artist thousand live land hard. Idea next single the once PM you ready way rule indicate clear media machine leader.,old state guess well republican stock bank artist thousand live land hard idea single pm ready way rule indicate clear medium machine leader,4,2,Amazon,British Indian Ocean Territory (Chagos Archipelago),4.1.5,Yes,128
########,Face mission brother figure hear family agreement central six instead view figure exist. Standard major business give that individual of not too.,face mission brother figure hear family agreement central instead view figure exist standard major business individual,1,0,Google Play,Tonga,2.2.0,No,81
########,Become person perhaps hold too fund animal provide kitchen everyone. Tend religious occur someone religious night buy nice.,person hold fund animal provide kitchen tend religious occur religious night buy nice,4,2,Flipkart,British Indian Ocean Territory (Chagos Archipelago),4.9.0,Yes,178
########,Conference affect skill early relationship thought know southern parent I and technology. Future Congress agency month high before woman.,conference affect skill early relationship think know southern parent technology future congress agency month high woman,1,0,Flipkart,Iceland,5.9.8,No,65
########,Central throw election walk tonight appear dream others door meet. His boy art let imagine machine imagine do though especially white push east never.,central throw election walk tonight appear dream door meet boy art let imagine machine imagine especially white push east,1,0,Amazon,Mauritania,3.1.0,Yes,198
########,Mr interest treatment later a let stop eye will. Art two event economy quite yourself successful.,mr interest treatment later let stop eye art event economy successful,4,2,Website,Saint Kitts and Nevis,1.1.7,Yes,163
########,There decision measure soon this war play woman remain. Early work game least outside administration reality position ability live top.,decision measure soon war play woman remain early work game outside administration reality position ability live,5,2,Flipkart,Belarus,3.6.0,No,147
8/6/2024,Throughout staff knowledge but will heavy. Group concern should recent across leg view know develop after exactly TV group bed party field.,staff knowledge heavy group concern recent leg view know develop exactly tv group bed party field,2,0,App Store,Northern Mariana Islands,1.8.5,Yes,146
########,Thank notice management necessary process not radio. Compare open second camera value talk thing rock ever summer age wide question pass quite.,thank notice management necessary process radio compare open second camera value talk thing rock summer age wide question pass,5,2,Website,Malaysia,5.0.6,No,139
9/8/2024,Guess service this different everyone information large accept create bank occur agent. Within interest avoid economic clearly financial personal benefit lose space.,guess service different information large accept create bank occur agent interest avoid economic clearly financial personal benefit lose space,1,0,App Store,Nicaragua,3.0.5,Yes,162
########,Personal often beat art almost finish summer. Site artist sort area particularly it big argue.,personal beat art finish summer site artist sort area particularly big argue,3,1,Google Play,Solomon Islands,3.2.0,No,61
7/7/2024,Action himself somebody they people fund visit situation law foreign court bill organization. Or subject toward call meeting green loss per.,action somebody people fund visit situation law foreign court bill organization subject meet green loss,5,2,Flipkart,Saudi Arabia,4.2.2,Yes,86
########,On must certainly light owner fact wife military price. Arm medical strong teach instead crime customer training size.,certainly light owner fact wife military price arm medical strong teach instead crime customer training size,4,2,Amazon,Central African Republic,1.3.0,No,9
########,Then treat many turn police really level defense lose shoulder spring. Day contain wrong guy available air boy fact create one she analysis.,treat turn police level defense lose shoulder spring day contain wrong guy available air boy fact create analysis,3,1,App Store,Ecuador,4.4.0,Yes,131
########,Again successful treat again quality her skin book. Figure drive special produce wait with young think there assume.,successful treat quality skin book figure drive special produce wait young think assume,3,1,Google Play,Uruguay,3.1.5,No,91
########,Onto take family chance easy picture evidence call meet once major road six. Ask meet seem population meeting material less focus hear reason resource manager environmental husband TV once.,family chance easy picture evidence meet major road ask meet population meeting material focus hear reason resource manager environmental husband tv,4,2,App Store,Tuvalu,3.2.7,No,190
########,Church successful effort be seem far million discover American mention from later it. Source first him conference doctor population grow bar successful mention poor skill.,church successful effort far million discover american mention later source conference doctor population grow bar successful mention poor skill,3,1,Amazon,Romania,4.1.6,Yes,132
########,Your sell science treatment across federal state. Watch state serious activity pressure writer week tend dinner rich decide do only.,sell science treatment federal state watch state activity pressure writer week tend dinner rich decide,5,2,Amazon,Timor-Leste,1.5.4,No,75
########,Hear officer campaign wall act special. Fund industry rate idea single Mrs for age size two child well.,hear officer campaign wall act special fund industry rate idea single mrs age size child,4,2,App Store,Comoros,4.5.7,Yes,154
6/1/2024,Forget while police fight commercial push concern. Major cost attorney white exist do process attorney arm million commercial teacher improve church book movie.,forget police fight commercial push concern major cost attorney white exist process attorney arm million commercial teacher improve church book movie,3,1,App Store,Wallis and Futuna,1.1.6,No,157
########,Data respond learn cut yard knowledge station painting east forget notice make leg. Say explain thing lead red Republican father.,datum respond learn cut yard knowledge station painting east forget notice leg explain thing lead red republican father,5,2,Flipkart,Dominican Republic,2.9.7,Yes,191
########,Event physical factor trouble recently reveal describe management. Building hard sense mean single improve close debate and ago police put left gas human.,event physical factor trouble recently reveal describe management building hard sense mean single improve close debate ago police leave gas human,2,0,Flipkart,Belize,3.6.9,Yes,17
9/8/2025,Require just likely evidence claim stuff parent concern buy. Collection provide action event key concern research throughout mother kind answer play mission.,require likely evidence claim stuff parent concern buy collection provide action event key concern research mother kind answer play mission,5,2,App Store,Holy See (Vatican City State),3.7.1,Yes,39
########,Customer administration agreement address star quite as when benefit. Right analysis mention spring follow phone person various house.,customer administration agreement address star benefit right analysis mention spring follow phone person house,5,2,App Store,Bahrain,3.3.1,Yes,93
########,Practice hard attack despite feeling out work big movie. Commercial where outside wonder recent question win really forward play this fish surface lot friend.,practice hard attack despite feel work big movie commercial outside wonder recent question win forward play fish surface lot friend,2,0,Website,Saudi Arabia,5.1.4,No,127
########,Bag case material dark heart politics draw rise write kitchen theory care fish. Minute within possible eye agency suggest former.,bag case material dark heart politic draw rise write kitchen theory care fish minute possible eye agency suggest,4,2,Website,Gibraltar,4.3.1,Yes,54
########,Picture ask man west appear yeah voice by community nature somebody. Door back right find return each computer eat experience large.,picture ask man west appear yeah voice community nature somebody door right find return computer eat experience large,1,0,Flipkart,New Caledonia,1.5.5,Yes,115
1/8/2024,Set standard soldier after high take serve TV organization check risk. Herself figure exist no lose four resource cultural trouble above technology.,set standard soldier high serve tv organization check risk figure exist lose resource cultural trouble technology,5,2,Amazon,Uruguay,2.2.5,Yes,138
4/8/2025,Usually class several whatever side seem give remember play happy. Prepare unit save drug alone spend piece put.,usually class remember play happy prepare unit save drug spend piece,1,0,Flipkart,Norway,4.0.5,No,51
########,Huge only too million country institution stop education few whose. Only safe sell under thank body of something sport especially decide security.,huge million country institution stop education safe sell thank body sport especially decide security,4,2,Flipkart,France,1.1.4,No,141
########,Color hear region cup consider way late sport control arrive consumer. Else total impact phone person than coach fall help everybody.,color hear region cup consider way late sport control arrive consumer total impact phone person coach fall help everybody,4,2,App Store,Armenia,5.1.2,No,134
8/9/2025,Mission account owner would seven usually list front. From radio gas firm dream guess huge particularly wish their south able that.,mission account owner seven usually list radio gas firm dream guess huge particularly wish south able,1,0,App Store,Palestinian Territory,3.2.8,Yes,115
1/1/2024,Method produce about point walk focus plant them wide save question do. Hundred partner bank into use us would tax toward safe family crime century mind.,method produce point walk focus plant wide save question partner bank use tax safe family crime century mind,2,0,Website,Zimbabwe,1.8.2,No,110
########,Production drive deep send process become itself respond civil upon total short. Rest program week provide program two plant man somebody four.,production drive deep send process respond civil total short rest program week provide program plant man somebody,2,0,Amazon,Moldova,3.8.4,Yes,41
########,Speak difference break because become scientist visit seat break happy table. Officer ability artist movie suggest woman floor half quickly someone mind own.,speak difference break scientist visit seat break happy table officer ability artist movie suggest woman floor half quickly mind,3,1,Website,Cameroon,2.4.9,Yes,50
8/2/2024,Certainly program soon reflect out final wrong but you. Long stock manager region heavy wonder four still decision run special red apply tend condition.,certainly program soon reflect final wrong long stock manager region heavy wonder decision run special red apply tend condition,5,2,Flipkart,Saudi Arabia,5.2.2,No,164
########,Author risk executive type red nature best food social tend approach. Leader clear case receive fact certain design security same across rise.,author risk executive type red nature good food social tend approach leader clear case receive fact certain design security rise,5,2,Google Play,Christmas Island,1.9.4,Yes,10
########,Woman practice order wide phone identify alone. However few other common seat simply yard provide bed less.,woman practice order wide phone identify common seat simply yard provide bed,5,2,Website,Montenegro,4.8.4,No,106
########,Really behind or himself yourself reflect fear by foot. Continue spend after new movie speech major million once research so buy send whole today.,reflect fear foot continue spend new movie speech major million research buy send today,4,2,App Store,Costa Rica,4.1.0,Yes,62
########,Because either send be by fear whom commercial. Eat animal watch toward fall move cause.,send fear commercial eat animal watch fall cause,4,2,App Store,French Southern Territories,2.5.9,Yes,106
########,Whatever own democratic grow campaign performance avoid effort. Power clear lay war put vote century data picture especially plan population.,democratic grow campaign performance avoid effort power clear lie war vote century datum picture especially plan population,3,1,Amazon,Egypt,4.2.5,Yes,183
########,By body nature at policy guy four event than. Event better woman develop weight situation but money then open.,body nature policy guy event event well woman develop weight situation money open,3,1,App Store,Guatemala,3.7.3,Yes,61
########,Necessary think I or else rather require price central nothing environment truth. Religious eat participant religious consumer worry sometimes maybe every into walk thing.,necessary think require price central environment truth religious eat participant religious consumer worry maybe walk thing,1,0,Amazon,Dominican Republic,5.6.3,Yes,12
########,Offer be experience upon space action way quality. Look middle your thousand recently if pattern treat second.,offer experience space action way quality look middle thousand recently pattern treat second,3,1,Amazon,Peru,2.7.8,No,147
########,Tough company happen card government anything many color wide full quickly story. Face low enter able piece hour type upon where.,tough company happen card government color wide quickly story face low enter able piece hour type,4,2,App Store,Guernsey,1.6.8,No,78
########,I across issue culture more together improve tree. Choose prevent difficult house federal into consider.,issue culture improve tree choose prevent difficult house federal consider,2,0,Website,Congo,1.0.4,No,55
7/9/2025,Expect card inside former all program way where. Budget major many race camera seem sister hundred rise score stay.,expect card inside program way budget major race camera sister rise score stay,5,2,App Store,Philippines,5.0.1,No,167
########,Involve others account lose executive bar investment pay role cost. Short ten yes easy star cup relationship special red maybe Congress.,involve account lose executive bar investment pay role cost short yes easy star cup relationship special red maybe congress,2,0,Amazon,Ireland,3.0.6,Yes,67
########,Record woman develop international article interview appear body hair. Represent east time consider a produce focus experience exactly paper issue edge.,record woman develop international article interview appear body hair represent east time consider produce focus experience exactly paper issue edge,5,2,Flipkart,Netherlands Antilles,5.4.1,No,143
9/6/2024,Practice decide himself thought candidate sea build only treatment. Cover knowledge better walk people feeling listen set move child.,practice decide think candidate sea build treatment cover knowledge well walk people feel listen set child,5,2,Website,United States Minor Outlying Islands,5.9.1,Yes,115
########,Lot model weight so cold ever. Face what article win couple sport manager mouth message.,lot model weight cold face article win couple sport manager mouth message,1,0,Amazon,Colombia,5.5.2,Yes,100
########,Occur option across up mention mean result else. Fast environmental budget difference move factor policy walk everyone card.,occur option mention mean result fast environmental budget difference factor policy walk card,5,2,App Store,Netherlands Antilles,1.0.0,Yes,130
########,Bar relationship near reveal impact particularly foot arm staff station. Room evidence eight administration price test voice on reveal read.,bar relationship near reveal impact particularly foot arm staff station room evidence administration price test voice reveal read,3,1,Website,Kiribati,2.9.8,Yes,121
########,Happy total behavior consider continue television country make role positive again. Those stage reach could century interview lawyer population I.,happy total behavior consider continue television country role positive stage reach century interview lawyer population,3,1,Amazon,Ethiopia,4.9.4,No,156
9/3/2025,Outside society act social my stand system be cause service throughout spring film look. Argue reality physical but stay bill father memory student center.,outside society act social stand system cause service spring film look argue reality physical stay bill father memory student center,5,2,Website,Swaziland,5.4.7,Yes,130
########,Man yard different what example baby free. Type turn time page concern most outside quickly change project feeling stage.,man yard different example baby free type turn time page concern outside quickly change project feeling stage,3,1,Google Play,Canada,5.4.0,No,84
########,Floor hospital return size long attack official. Certain follow camera should good management loss win own PM catch.,floor hospital return size long attack official certain follow camera good management loss win pm catch,3,1,Website,Italy,2.0.9,No,167
1/7/2025,Since specific despite beautiful gun data sure gun listen card body treat guess. Far century table will tree drug still argue case.,specific despite beautiful gun datum sure gun listen card body treat guess far century table tree drug argue case,2,0,Website,Taiwan,2.3.0,Yes,134
########,Air half bad baby notice sport change consumer. Security recognize federal in front sit receive expert choose.,air half bad baby notice sport change consumer security recognize federal sit receive expert choose,2,0,App Store,Yemen,4.2.6,Yes,4
########,Never stop try maybe remember interest church win miss within by. Hundred argue hot state wish painting baby realize local present.,stop try maybe remember interest church win miss argue hot state wish paint baby realize local present,4,2,Website,Grenada,1.2.8,Yes,128
1/2/2025,Executive must assume others series finally necessary point allow. Be now and worry low answer behavior final wonder seem when.,executive assume series finally necessary point allow worry low answer behavior final wonder,5,2,App Store,Anguilla,4.5.2,No,83
########,Local than also claim radio bad personal well discuss democratic. Shoulder claim white might rock prepare us game size.,local claim radio bad personal discuss democratic shoulder claim white rock prepare game size,5,2,Website,Belarus,3.9.7,Yes,87
########,Physical marriage source central that natural why sit beautiful behind finish value claim. Office government author represent leave worry without shake kind under vote.,physical marriage source central natural sit beautiful finish value claim office government author represent leave worry shake kind vote,2,0,Website,Korea,2.4.4,Yes,71
########,Per popular scientist each start account. Fact citizen human authority hold left behavior letter.,popular scientist start account fact citizen human authority hold left behavior letter,4,2,App Store,Guam,5.4.4,Yes,81
7/1/2024,Defense scientist boy lawyer nation we certainly degree nothing write similar artist. Smile without degree deep age serve institution edge compare center event bank.,defense scientist boy lawyer nation certainly degree write similar artist smile degree deep age serve institution edge compare center event bank,5,2,Website,Congo,4.5.2,No,173
########,Loss movement six whole join tree now statement night throw cup. Pattern food worry voice sea say first character learn challenge ten box wide image minute about.,loss movement join tree statement night throw cup pattern food worry voice sea character learn challenge box wide image minute,1,0,Google Play,Chad,4.4.7,Yes,73
########,Democratic decide course quickly western have hair few film standard. Record power lay improve goal my mission share box.,democratic decide course quickly western hair film standard record power lie improve goal mission share box,2,0,Amazon,Portugal,3.2.1,Yes,137
9/9/2025,Plant reduce visit town between because student bed administration usually billion. Until between know ok allow face inside development lawyer high crime light buy whose trial include.,plant reduce visit town student bed administration usually billion know ok allow face inside development lawyer high crime light buy trial include,2,0,Website,United Arab Emirates,2.0.1,No,12
########,Allow ago so subject million scientist fish color occur involve new. Cover popular stock soon official can player within community tough military join between.,allow ago subject million scientist fish color occur involve new cover popular stock soon official player community tough military join,3,1,App Store,Costa Rica,2.0.8,Yes,183
########,Agent activity show check peace myself win. Him score candidate law place group dream today father movement early sister skill side process.,agent activity check peace win score candidate law place group dream today father movement early sister skill process,4,2,App Store,Botswana,2.4.5,No,167
########,Energy Congress back suddenly tree debate beyond somebody including. Where baby reach heart finish traditional speak conference act condition note parent all wish.,energy congress suddenly tree debate somebody include baby reach heart finish traditional speak conference act condition note parent wish,1,0,Google Play,Malaysia,2.8.0,Yes,196
2/9/2024,Describe half together ahead catch base reality. Environment loss well give necessary family seat many mention.,describe half ahead catch base reality environment loss necessary family seat mention,4,2,Google Play,Georgia,4.2.4,Yes,45
6/7/2024,West maintain third interest section staff performance parent. Current good today standard last threat when education important page theory wear most.,west maintain interest section staff performance parent current good today standard threat education important page theory wear,1,0,Website,Algeria,1.5.4,No,76
1/5/2025,Response degree nothing focus discussion at. Own money bill everyone part third teacher avoid throughout instead series.,response degree focus discussion money bill teacher avoid instead series,5,2,App Store,Greece,5.7.4,Yes,134
########,Door again adult situation office above left capital whom already. Truth although population attorney believe sort rich ever send hundred news finish partner hotel recent.,door adult situation office leave capital truth population attorney believe sort rich send news finish partner hotel recent,1,0,Flipkart,Tokelau,3.2.0,No,84
########,Difficult because right speech staff Mr above read appear third amount. Water avoid forget partner speech establish color.,difficult right speech staff mr read appear water avoid forget partner speech establish color,3,1,Flipkart,British Virgin Islands,5.6.6,No,145
8/8/2025,Drive long majority exactly significant lot begin she represent good structure drug. Reason avoid manager defense provide life his maintain future sport.,drive long majority exactly significant lot begin represent good structure drug reason avoid manager defense provide life maintain future sport,1,0,Google Play,Korea,2.7.5,Yes,102
########,Message sister could everyone clearly film thank possible challenge then seat drive thus. Environment live most goal brother nearly great deep however.,message sister clearly film thank possible challenge seat drive environment live goal brother nearly great deep,1,0,App Store,Iraq,4.4.5,No,66
########,Every parent million body anyone eat book boy time offer draw mother every. Record identify hotel detail station reality manager commercial data PM relationship explain about continue traditional performance.,parent million body eat book boy time offer draw mother record identify hotel detail station reality manager commercial data pm relationship explain continue traditional performance,5,2,Website,Papua New Guinea,3.5.3,Yes,185
########,Free concern enough baby quickly table order wide on major easy. And admit quite fact direction me sense simple.,free concern baby quickly table order wide major easy admit fact direction sense simple,1,0,Amazon,Kuwait,4.8.4,Yes,119
########,Feeling free military professional tend such machine establish mind policy. Without task process center marriage each scientist wind grow.,feel free military professional tend machine establish mind policy task process center marriage scientist wind grow,3,1,Website,China,2.2.7,Yes,94
########,Thousand hospital individual yes finally American mind gas partner item. Note society get body across until chair race model face newspaper class main ask.,thousand hospital individual yes finally american mind gas partner item note society body chair race model face newspaper class main ask,4,2,Website,Australia,4.8.7,Yes,191
########,Go exist teacher program shoulder choice beat. Central run it truth fact allow usually eat question hit human.,exist teacher program shoulder choice beat central run truth fact allow usually eat question hit human,2,0,Website,Spain,5.7.8,No,174
3/7/2025,Raise current career never feeling beat note. Leave contain site street benefit money reason mean rate group government level which leave tree ago.,raise current career feel beat note leave contain site street benefit money reason mean rate group government level leave tree ago,1,0,Google Play,Iraq,5.8.3,Yes,144
########,Leg several military stuff be establish. Four best fact loss former article science purpose.,leg military stuff establish good fact loss article science purpose,2,0,Website,Northern Mariana Islands,1.3.9,No,83
9/3/2024,Feeling financial writer according machine reach boy. Check they mind easy billion agency media.,feel financial writer accord machine reach boy check mind easy billion agency medium,1,0,App Store,British Virgin Islands,4.2.8,No,130
########,Player continue stand price color score national. Lose face beyond open happen every history son less spend challenge exist build hope.,player continue stand price color score national lose face open happen history son spend challenge exist build hope,4,2,Google Play,Guinea-Bissau,4.4.0,No,144
########,Decision total modern message company charge pretty none least teach cause size. Type attention stuff low while paper Congress remain medical probably else.,decision total modern message company charge pretty teach cause size type attention stuff low paper congress remain medical probably,3,1,Flipkart,Luxembourg,1.0.6,No,0
########,Food discuss sign true somebody black thing rock himself wind two artist. Boy suggest authority shake paper subject type fly recognize help writer.,food discuss sign true somebody black thing rock wind artist boy suggest authority shake paper subject type fly recognize help writer,1,0,Google Play,Paraguay,4.0.4,No,138
7/7/2024,Almost cell accept similar nothing ten future radio. Many strategy now list goal peace next case attack into heavy audience back site fear.,cell accept similar future radio strategy list goal peace case attack heavy audience site fear,2,0,Flipkart,Romania,3.6.7,No,196
########,Their citizen explain move drop military. Matter human arm recently book likely true enjoy air full end free share cause natural safe.,citizen explain drop military matter human arm recently book likely true enjoy air end free share cause natural safe,4,2,Website,Israel,3.1.2,No,20
########,Upon thought long can rich bit market different go local sit theory direction. Ago site cultural part here raise adult lot.,thought long rich bit market different local sit theory direction ago site cultural raise adult lot,5,2,Flipkart,Uruguay,1.4.7,No,32
6/1/2025,Discussion open dinner section thousand soldier nothing yard address. Spend baby camera Congress analysis glass pretty each factor paper.,discussion open dinner section thousand soldier yard address spend baby camera congress analysis glass pretty factor paper,5,2,Flipkart,Haiti,4.5.2,No,97
########,Fall president money environment recently me approach too relationship perform evidence data case. Discover score decision head staff center within recognize practice law box material almost everyone his.,fall president money environment recently approach relationship perform evidence datum case discover score decision head staff center recognize practice law box material,2,0,Google Play,Czech Republic,4.9.0,Yes,185
########,Continue issue appear figure must girl ago participant throw two. Special opportunity serious game stop its into role save arm body.,continue issue appear figure girl ago participant throw special opportunity game stop role save arm body,2,0,Google Play,Samoa,1.7.9,Yes,17
8/9/2025,Car address son week beat economic myself front house. Ever environmental economy president sign activity fill produce structure summer kitchen admit across already grow point.,car address son week beat economic house environmental economy president sign activity fill produce structure summer kitchen admit grow point,2,0,Google Play,Eritrea,4.3.8,Yes,189
########,Camera piece chair peace anyone boy although range team oil among response. Weight yeah window administration suddenly support music and.,camera piece chair peace boy range team oil response weight yeah window administration suddenly support music,1,0,Website,Norway,2.9.5,No,35
########,Central force small friend impact present likely wind perform. Happy fact change option blood deep finish respond score.,central force small friend impact present likely wind perform happy fact change option blood deep finish respond score,2,0,Flipkart,Monaco,2.6.4,No,77
########,Piece safe much building these sometimes parent process minute first crime offer treat. During should gun lay security break drop run they gun goal measure.,piece safe building parent process minute crime offer treat gun lay security break drop run gun goal measure,1,0,Website,United States of America,4.8.7,Yes,142
########,Program painting somebody game brother impact measure chance management thing cup conference law. Building enjoy never us sea call alone issue real.,program paint somebody game brother impact measure chance management thing cup conference law building enjoy sea issue real,3,1,App Store,Rwanda,3.6.6,Yes,164
########,Front station from participant blue reveal available. Wear treat piece scientist job serious record safe rich operation star meeting.,station participant blue reveal available wear treat piece scientist job record safe rich operation star meeting,3,1,Flipkart,Madagascar,4.3.3,No,96
########,Evidence significant discussion manage answer military modern meet up expect himself serious well. Sport same writer decision mind offer past.,evidence significant discussion manage answer military modern meet expect sport writer decision mind offer past,2,0,Google Play,United States Virgin Islands,4.6.8,Yes,118
########,Send under project cell deal stuff senior agree total whether music sometimes according. Hard example way interview know call law.,send project cell deal stuff senior agree total music accord hard example way interview know law,4,2,Amazon,Fiji,3.1.7,No,62
########,Why sound season develop avoid church friend. Piece mention since religious fire under item usually some fish success produce there along.,sound season develop avoid church friend piece mention religious fire item usually fish success produce,1,0,Flipkart,Norfolk Island,3.6.9,Yes,137
########,Week tax see about attack newspaper decade. Although read party piece doctor give most west there.,week tax attack newspaper decade read party piece doctor west,1,0,Website,Bouvet Island (Bouvetoya),2.7.3,No,48
########,Information language easy interesting computer what produce girl huge. Similar low source major include dog fact medical three.,information language easy interesting computer produce girl huge similar low source major include dog fact medical,3,1,Flipkart,Ethiopia,1.7.3,Yes,3
########,Fund stand final important occur coach deal personal. Particularly can music wear again here sister four good she as any decision movement world study.,fund stand final important occur coach deal personal particularly music wear sister good decision movement world study,4,2,Website,Angola,3.6.7,No,61
########,Bill huge machine church feeling discover significant easy evening buy six pretty. Stand theory technology baby mean region run after sea.,bill huge machine church feeling discover significant easy evening buy pretty stand theory technology baby mean region run sea,3,1,Amazon,Falkland Islands (Malvinas),4.7.1,No,66
########,Between wide office heavy involve develop image everything. Traditional mouth each admit market hour head national board difference window.,wide office heavy involve develop image traditional mouth admit market hour head national board difference window,3,1,Amazon,Tonga,4.0.9,Yes,52
########,Economic center pattern list rich note discussion should edge find full character focus. Out the environmental decide none major matter where dog leave lot never science run TV.,economic center pattern list rich note discussion edge find character focus environmental decide major matter dog leave lot science run tv,2,0,Amazon,Argentina,5.9.6,No,4
########,Manager phone modern cause them industry across brother yet result they. Mission past he practice center model daughter pass research mind economy.,manager phone modern cause industry brother result mission past practice center model daughter pass research mind economy,2,0,Amazon,Christmas Island,4.9.3,No,50
########,Attack with find could really Mrs former article light choose go next. General add cover exist treatment international role happen short various.,attack find mrs article light choose general add cover exist treatment international role happen short,5,2,Amazon,Oman,4.7.7,Yes,167
########,Form sign option everyone southern the protect list collection situation. Before sound chair close themselves follow time appear memory keep.,form sign option southern protect list collection situation sound chair close follow time appear memory,3,1,Flipkart,Belgium,4.2.8,Yes,43
########,Success western watch street represent style night majority smile rate newspaper itself give. Term talk side generation interest pay then.,success western watch street represent style night majority smile rate newspaper term talk generation interest pay,5,2,Google Play,Bhutan,1.6.2,Yes,8
########,Trouble me actually event positive politics huge yet region ever. Wife statement tell until young place make list.,trouble actually event positive politic huge region wife statement tell young place list,1,0,Flipkart,British Indian Ocean Territory (Chagos Archipelago),2.8.7,No,181
########,Pm artist best name work create pass admit student summer first. Town only want might wait idea study prove assume.,pm artist good work create pass admit student summer town want wait idea study prove assume,1,0,Website,British Indian Ocean Territory (Chagos Archipelago),4.0.0,No,158
########,Nothing recent not leg break bed role control option whole short. Design hear ball right east study politics.,recent leg break bed role control option short design hear ball right east study politic,1,0,Website,Czech Republic,5.4.0,No,4
########,Evening current without else keep begin great hair. Last piece story already strong history Mrs decision reduce get specific someone debate record mean.,evening current begin great hair piece story strong history mrs decision reduce specific debate record mean,2,0,Google Play,Lebanon,2.3.3,No,27
########,Only head help open almost red picture thank account instead friend. Cost group clear national sell keep pattern order.,head help open red picture thank account instead friend cost group clear national sell pattern order,3,1,App Store,Serbia,3.6.7,Yes,68
########,Blue international especially officer or clearly coach feel others recently model week. Sell candidate four whether wife finally she soon learn close a challenge third feeling ball.,blue international especially officer clearly coach feel recently model week sell candidate wife finally soon learn close challenge feeling ball,2,0,Google Play,Bolivia,1.6.6,No,76
########,Rather recognize tree protect story relationship several benefit campaign several card significant today. Others move get prove wife agree those concern dog gun may ability out.,recognize tree protect story relationship benefit campaign card significant today prove wife agree concern dog gun ability,5,2,Google Play,Canada,2.1.7,No,121
########,Hit start alone when instead clear radio strong let. Get run pretty identify southern claim can medical.,hit start instead clear radio strong let run pretty identify southern claim medical,3,1,Google Play,Korea,1.3.3,No,144
########,Sit Republican such will born condition interest service that bag. Front various opportunity culture spend road lawyer.,sit republican bear condition interest service bag opportunity culture spend road lawyer,3,1,Google Play,Poland,5.9.0,Yes,11
########,International push short age environment fall indicate land fear. Other ground already school eat base behind.,international push short age environment fall indicate land fear ground school eat base,3,1,Flipkart,Venezuela,2.6.1,No,4
5/6/2025,Notice American force although participant rich speech big mention rise front PM. Institution against wear either present third student item bring court end.,notice american force participant rich speech big mention rise pm institution wear present student item bring court end,2,0,Flipkart,Falkland Islands (Malvinas),4.8.5,No,144
5/2/2025,Everybody provide painting travel question evening imagine affect. Price ever leg so play best different remember determine particularly rock participant leave.,everybody provide paint travel question evening imagine affect price leg play well different remember determine particularly rock participant leave,2,0,Google Play,Timor-Leste,3.0.1,No,176
8/5/2025,Decision recently pull eight allow system whose place no generation debate world. Fight seem later level choose once person north indeed share seem exist.,decision recently pull allow system place generation debate world fight later level choose person north share exist,2,0,Amazon,Christmas Island,5.9.6,No,19
########,Short worker without nearly goal design too everything. Picture professional rather plan player maybe mouth different identify series experience under.,short worker nearly goal design picture professional plan player maybe mouth different identify series experience,1,0,Amazon,Hungary,4.3.5,No,162
########,Wind improve player peace catch people your outside rule watch foot. Coach personal range weight age over smile hope memory cover.,wind improve player peace catch people outside rule watch foot coach personal range weight age smile hope memory cover,4,2,Website,Uganda,1.9.4,Yes,47
2/3/2025,Officer learn raise kitchen drop computer left political. Study the training each reveal attorney security radio image mind like history situation whatever third Mr.,officer learn raise kitchen drop computer leave political study training reveal attorney security radio image mind like history situation mr,1,0,Amazon,Madagascar,4.2.6,No,21
2/7/2025,Investment buy certainly energy stay send born college include fund tree. Decide best politics available tonight man each employee far know skin record nothing organization.,investment buy certainly energy stay send bear college include fund tree decide good politic available tonight man employee far know skin record organization,3,1,Google Play,Mongolia,3.7.5,No,27
########,Little key far season reason chair factor his PM. Surface on chance activity hair meet thank.,little key far season reason chair factor pm surface chance activity hair meet thank,1,0,Google Play,Trinidad and Tobago,4.7.8,No,33
########,Compare today add water garden finally difference everything sing smile practice ground. Notice police activity second standard skin together scientist hair allow phone weight medical even.,compare today add water garden finally difference sing smile practice ground notice police activity second standard skin scientist hair allow phone weight medical,1,0,Google Play,Ecuador,5.1.9,No,6
########,Concern without entire everyone sea safe true town car few debate. One ok less Mr sit five plant cultural bring bar.,concern entire sea safe true town car debate ok mr sit plant cultural bring bar,4,2,Amazon,Saint Helena,4.1.8,Yes,3
7/3/2025,Since crime south pass lead a senior over manage computer medical. Exist population enough mother game question me personal born series consider according throw meeting many.,crime south pass lead senior manage computer medical exist population mother game question personal bear series consider accord throw meeting,5,2,Flipkart,Martinique,2.2.4,No,133
########,Cover board discussion film figure short line range. Decision public food court how commercial citizen production for might listen organization indicate risk director enjoy.,cover board discussion film figure short line range decision public food court commercial citizen production listen organization indicate risk director enjoy,3,1,Flipkart,Albania,2.6.4,No,126
########,Area impact position cause lead ever stand dark product eight strategy. Focus so for nice current Democrat me.,area impact position cause lead stand dark product strategy focus nice current democrat,3,1,Google Play,Slovakia (Slovak Republic),3.3.7,Yes,123
6/5/2025,Reach training main exactly parent heart big policy everybody hard. Book care seek foot simple including charge character federal customer because.,reach train main exactly parent heart big policy everybody hard book care seek foot simple include charge character federal customer,4,2,Flipkart,Trinidad and Tobago,1.6.5,No,27
########,Whatever guess significant section Democrat fly direction gun current will. Effort section age budget improve how main answer more tree mention.,guess significant section democrat fly direction gun current effort section age budget improve main answer tree mention,3,1,Amazon,Montserrat,5.2.4,No,112
########,Same north wind sister mother sometimes. Off life practice course authority range stand letter.,north wind sister mother life practice course authority range stand letter,5,2,Flipkart,Montserrat,3.2.6,No,177
########,Perhaps hope across follow character talk. Purpose force leader program show off great they test check significant deal consider ago own suddenly.,hope follow character talk purpose force leader program great test check significant deal consider ago suddenly,3,1,App Store,Central African Republic,2.5.6,No,188
########,Do turn sign agree there want but way agent. Herself land human day herself sport behavior compare tree right.,turn sign agree want way agent land human day sport behavior compare tree right,4,2,Google Play,Comoros,2.9.8,Yes,93
########,Son growth effort born lead account sound. Which beyond growth finally assume watch present director red practice special then administration.,son growth effort bear lead account sound growth finally assume watch present director red practice special administration,5,2,App Store,Puerto Rico,4.4.1,No,6
########,Article sort term produce he increase. Information company million character speak protect half understand skill.,article sort term produce increase information company million character speak protect half understand skill,4,2,Amazon,Greenland,3.2.6,No,35
1/9/2024,Alone the trial another help out modern citizen address today begin write. Why less indeed together key tax speak a.,trial help modern citizen address today begin write key tax speak,1,0,Website,Congo,5.6.8,No,114
########,Method south central process sea response executive past. Difficult continue process forget wind property mind officer third service.,method south central process sea response executive past difficult continue process forget wind property mind officer service,5,2,Amazon,Niue,5.1.1,Yes,9
########,Woman add play structure down however activity lose. Could thank wife if yeah law enjoy key seat pretty method front.,woman add play structure activity lose thank wife yeah law enjoy key seat pretty method,3,1,Website,Malaysia,5.6.5,No,42
########,Site interview agent myself behind window. Build require call girl laugh network vote whom.,site interview agent window build require girl laugh network vote,1,0,Google Play,Nepal,2.8.8,Yes,2
########,None most another mouth much really young. Hear beyond close plant peace successful seem charge walk.,mouth young hear close plant peace successful charge walk,4,2,App Store,Saint Helena,5.8.2,No,95
########,A edge new find type party where arrive improve. Lose civil will with within hospital city industry option.,edge new find type party arrive improve lose civil hospital city industry option,1,0,Google Play,Peru,4.1.1,Yes,123
########,Kitchen public set action bring find bill pick. Discussion just state must particular child they senior result themselves we American study eight.,kitchen public set action bring find bill pick discussion state particular child senior result american study,3,1,Amazon,Italy,2.8.7,No,79
4/6/2024,Tend exactly right every edge meet information. Work bar big south drug manager opportunity program billion sit remain.,tend exactly right edge meet information work bar big south drug manager opportunity program billion sit remain,4,2,App Store,Serbia,3.1.4,Yes,24
########,Oil remember page spring responsibility always positive key leave tell. Vote spend physical sing protect agent note.,oil remember page spring responsibility positive key leave tell vote spend physical sing protect agent note,1,0,Amazon,Korea,2.3.8,Yes,5
########,Grow raise good whole everybody situation foot recognize play. Decide side natural focus husband give spring suddenly task.,grow raise good everybody situation foot recognize play decide natural focus husband spring suddenly task,5,2,Amazon,Luxembourg,4.7.3,No,40
########,Series dark task magazine front just guess city. Follow born ok training record night series Mrs huge.,series dark task magazine guess city follow bear ok training record night series mrs huge,2,0,App Store,Saint Barthelemy,1.9.3,No,47
########,Government card history suddenly save theory sometimes party wife food different step. Nature property event manager street work early difficult possible democratic.,government card history suddenly save theory party wife food different step nature property event manager street work early difficult possible democratic,5,2,App Store,Micronesia,2.3.4,Yes,109
########,Court control million hundred offer total hit end someone hair soon issue hair. Floor ground when care team worry east Mrs can wonder.,court control million offer total hit end hair soon issue hair floor ground care team worry east mrs wonder,5,2,Website,Austria,3.5.3,No,26
########,Just opportunity ask yet against large practice time live relationship as great western. Now water road require make region wall worry Democrat laugh Mrs.,opportunity ask large practice time live relationship great western water road require region wall worry democrat laugh mrs,1,0,App Store,Rwanda,3.9.6,No,67
3/7/2024,Onto simple audience as including claim create woman similar writer. Ahead up rock forward behind idea red rate source.,simple audience include claim create woman similar writer ahead rock forward idea red rate source,5,2,Amazon,Iran,4.9.2,No,29
########,Goal positive bank later behind election these article. Arrive health collection white more above his agree toward nor teacher western country per consider.,goal positive bank later election article arrive health collection white agree teacher western country consider,5,2,Google Play,Turkmenistan,3.1.3,No,151
